,Epoch,AUC,PRC,Accuracy,loss
0,0,0.7045514864165641,0.6476270796595875,0.6424971793907484,0.5772202014923096
