,Unnamed: 0.2,Unnamed: 0.1,Unnamed: 0,Epoch,AUC,PRC,loss
0,0.0,0.0,0.0,0,0.525,0.7241379310344828,0.6929409503936768
1,1.0,0.0,,0,0.7900951544129594,0.7172905525846702,0.5119193196296692
2,0.0,,,1,0.7820231197459604,0.729859571322986,0.5391719937324524
0,,,,2,0.7801545785962516,0.7582101806239737,0.5506147146224976
