,Epoch,AUC,PRC,Accuracy,loss
0,0,0.4329545454545454,0.6875,0.6875,0.6503487825393677
0,0,0.7650768949247299,0.6432009626955475,0.6432009626955475,0.567846417427063
