,Epoch,AUC,PRC,Accuracy,loss
0,0,0.707843137254902,0.5,0.53125,0.6884602308273315
0,0,0.8910800352464902,0.7905629139072847,0.8167330677290837,0.4323068559169769
0,1,0.8816632015980082,0.8410732714138287,0.7985834440017707,0.4633188247680664
0,2,0.8907852692248595,0.8370221327967807,0.8025675077467906,0.4229121208190918
0,3,0.8911231526166756,0.8100358422939068,0.8123063302346171,0.4215078949928283
0,4,0.889072333700223,0.805277525022748,0.8030101814962373,0.42625692486763
0,5,0.8740596493538666,0.7578125,0.798140770252324,0.4578483402729034
0,6,0.8676963094666931,0.8463385354141657,0.7613988490482514,0.4895583689212799
0,7,0.8768536549418777,0.8357221609702316,0.7755644090305445,0.46270057559013367
