,Epoch,AUC,PRC,Accuracy,loss
0,0,0.5421568627450981,0.4583333333333333,0.46875,0.6935822367668152
0,0,0.8770010379526932,0.728386167146974,0.786631252766711,0.46833452582359314
