,Epoch,AUC,PRC,Accuracy,loss
0,0,0.2392156862745098,0.1333333333333333,0.359375,0.7725465297698975
0,0,0.8897261498226701,0.8334919124643198,0.816290393979637,0.4338543117046356
0,1,0.8874009476414015,0.7554388597149287,0.8074369189907038,0.4385293424129486
0,2,0.889780242523448,0.7969283276450512,0.8140770252324038,0.429656833410263
0,3,0.8880618193335152,0.7629343629343629,0.8074369189907038,0.4451369941234588
0,4,0.8902553175476722,0.8052721088435374,0.8238158477202302,0.4402158558368683
0,5,0.8764577590883578,0.7782462057335582,0.798140770252324,0.4402843713760376
