,Epoch,AUC,PRC,Accuracy,loss
0,0,0.8152006618668028,0.6868805809047198,0.7236456200542305,0.5795736312866211
